[
  {
    "index": 0,
    "name": "abbr",
    "category": "",
    "notes": "abbreviation",
    "order": 0
  },
  {
    "index": 1,
    "name": "adj-f",
    "category": "partOfSpeech",
    "notes": "noun or verb acting prenominally",
    "order": -3
  },
  {
    "index": 2,
    "name": "adj-i",
    "category": "partOfSpeech",
    "notes": "adjective (keiyoushi)",
    "order": -3
  },
  {
    "index": 3,
    "name": "adj-ix",
    "category": "partOfSpeech",
    "notes": "adjective (keiyoushi) - yoi/ii class",
    "order": -3
  },
  {
    "index": 4,
    "name": "adj-kari",
    "category": "",
    "notes": "`kari' adjective (archaic)",
    "order": 0
  },
  {
    "index": 5,
    "name": "adj-ku",
    "category": "partOfSpeech",
    "notes": "`ku' adjective (archaic)",
    "order": -3
  },
  {
    "index": 6,
    "name": "adj-na",
    "category": "partOfSpeech",
    "notes": "adjectival nouns or quasi-adjectives (keiyodoshi)",
    "order": -3
  },
  {
    "index": 7,
    "name": "adj-nari",
    "category": "partOfSpeech",
    "notes": "archaic/formal form of na-adjective",
    "order": -3
  },
  {
    "index": 8,
    "name": "adj-no",
    "category": "partOfSpeech",
    "notes": "nouns which may take the genitive case particle `no'",
    "order": -3
  },
  {
    "index": 9,
    "name": "adj-pn",
    "category": "partOfSpeech",
    "notes": "pre-noun adjectival (rentaishi)",
    "order": -3
  },
  {
    "index": 10,
    "name": "adj-shiku",
    "category": "partOfSpeech",
    "notes": "`shiku' adjective (archaic)",
    "order": -3
  },
  {
    "index": 11,
    "name": "adj-t",
    "category": "partOfSpeech",
    "notes": "`taru' adjective",
    "order": -3
  },
  {
    "index": 12,
    "name": "adv",
    "category": "partOfSpeech",
    "notes": "adverb (fukushi)",
    "order": -3
  },
  {
    "index": 13,
    "name": "adv-to",
    "category": "partOfSpeech",
    "notes": "adverb taking the `to' particle",
    "order": -3
  },
  {
    "index": 14,
    "name": "anat",
    "category": "",
    "notes": "anatomical term",
    "order": 0
  },
  {
    "index": 15,
    "name": "arch",
    "category": "archaism",
    "notes": "archaism",
    "order": -4
  },
  {
    "index": 16,
    "name": "archit",
    "category": "",
    "notes": "architecture term",
    "order": 0
  },
  {
    "index": 17,
    "name": "astron",
    "category": "",
    "notes": "astronomy, etc. term",
    "order": 0
  },
  {
    "index": 18,
    "name": "ateji",
    "category": "",
    "notes": "ateji (phonetic) reading",
    "order": 0
  },
  {
    "index": 19,
    "name": "aux",
    "category": "partOfSpeech",
    "notes": "auxiliary",
    "order": -3
  },
  {
    "index": 20,
    "name": "aux-adj",
    "category": "partOfSpeech",
    "notes": "auxiliary adjective",
    "order": -3
  },
  {
    "index": 21,
    "name": "aux-v",
    "category": "partOfSpeech",
    "notes": "auxiliary verb",
    "order": -3
  },
  {
    "index": 22,
    "name": "baseb",
    "category": "",
    "notes": "baseball term",
    "order": 0
  },
  {
    "index": 23,
    "name": "biol",
    "category": "",
    "notes": "biology term",
    "order": 0
  },
  {
    "index": 24,
    "name": "bot",
    "category": "",
    "notes": "botany term",
    "order": 0
  },
  {
    "index": 25,
    "name": "Buddh",
    "category": "",
    "notes": "Buddhist term",
    "order": 0
  },
  {
    "index": 26,
    "name": "bus",
    "category": "",
    "notes": "business term",
    "order": 0
  },
  {
    "index": 27,
    "name": "busy_people",
    "category": "index",
    "notes": "Japanese For Busy People",
    "order": 0
  },
  {
    "index": 28,
    "name": "chem",
    "category": "",
    "notes": "chemistry term",
    "order": 0
  },
  {
    "index": 29,
    "name": "chn",
    "category": "",
    "notes": "children's language",
    "order": 0
  },
  {
    "index": 30,
    "name": "col",
    "category": "",
    "notes": "colloquialism",
    "order": 0
  },
  {
    "index": 31,
    "name": "comp",
    "category": "",
    "notes": "computer terminology",
    "order": 0
  },
  {
    "index": 32,
    "name": "company",
    "category": "name",
    "notes": "company name",
    "order": 4
  },
  {
    "index": 33,
    "name": "conj",
    "category": "partOfSpeech",
    "notes": "conjunction",
    "order": -3
  },
  {
    "index": 34,
    "name": "cop-da",
    "category": "partOfSpeech",
    "notes": "copula",
    "order": -3
  },
  {
    "index": 35,
    "name": "crowley",
    "category": "index",
    "notes": "The Kanji Way to Japanese Language Power",
    "order": 0
  },
  {
    "index": 36,
    "name": "ctr",
    "category": "partOfSpeech",
    "notes": "counter",
    "order": -3
  },
  {
    "index": 37,
    "name": "derog",
    "category": "",
    "notes": "derogatory",
    "order": 0
  },
  {
    "index": 38,
    "name": "deroo",
    "category": "class",
    "notes": "2001 Kanji",
    "order": 0
  },
  {
    "index": 39,
    "name": "econ",
    "category": "",
    "notes": "economics term",
    "order": 0
  },
  {
    "index": 40,
    "name": "eK",
    "category": "",
    "notes": "exclusively kanji",
    "order": 0
  },
  {
    "index": 41,
    "name": "ek",
    "category": "",
    "notes": "exclusively kana",
    "order": 0
  },
  {
    "index": 42,
    "name": "engr",
    "category": "",
    "notes": "engineering term",
    "order": 0
  },
  {
    "index": 43,
    "name": "exp",
    "category": "expression",
    "notes": "expressions (phrases, clauses, etc.)",
    "order": -5
  },
  {
    "index": 44,
    "name": "fam",
    "category": "",
    "notes": "familiar language",
    "order": 0
  },
  {
    "index": 45,
    "name": "fem",
    "category": "name",
    "notes": "female term or language / female given name or forename",
    "order": 0
  },
  {
    "index": 46,
    "name": "finc",
    "category": "",
    "notes": "finance term",
    "order": 0
  },
  {
    "index": 47,
    "name": "food",
    "category": "",
    "notes": "food term",
    "order": 0
  },
  {
    "index": 48,
    "name": "four_corner",
    "category": "class",
    "notes": "Four corner code",
    "order": 0
  },
  {
    "index": 49,
    "name": "freq",
    "category": "misc",
    "notes": "Frequency",
    "order": 0
  },
  {
    "index": 50,
    "name": "gai",
    "category": "frequent",
    "notes": "common loanword",
    "order": -2
  },
  {
    "index": 51,
    "name": "gakken",
    "category": "index",
    "notes": "A  New Dictionary of Kanji Usage",
    "order": 0
  },
  {
    "index": 52,
    "name": "geol",
    "category": "",
    "notes": "geology, etc. term",
    "order": 0
  },
  {
    "index": 53,
    "name": "geom",
    "category": "",
    "notes": "geometry term",
    "order": 0
  },
  {
    "index": 54,
    "name": "gikun",
    "category": "",
    "notes": "gikun (meaning as reading) or jukujikun (special kanji reading)",
    "order": 0
  },
  {
    "index": 55,
    "name": "given",
    "category": "name",
    "notes": "given name or forename, gender not specified",
    "order": 4
  },
  {
    "index": 56,
    "name": "grade",
    "category": "misc",
    "notes": "Grade level",
    "order": 0
  },
  {
    "index": 57,
    "name": "halpern_kkd",
    "category": "index",
    "notes": "Kodansha Kanji Dictionary",
    "order": 0
  },
  {
    "index": 58,
    "name": "halpern_kkld",
    "category": "index",
    "notes": "Kanji Learners Dictionary",
    "order": 0
  },
  {
    "index": 59,
    "name": "halpern_kkld_2ed",
    "category": "index",
    "notes": "Kanji Learners Dictionary",
    "order": 0
  },
  {
    "index": 60,
    "name": "halpern_njecd",
    "category": "index",
    "notes": "New Japanese-English Character Dictionary",
    "order": 0
  },
  {
    "index": 61,
    "name": "heisig",
    "category": "index",
    "notes": "Remembering The  Kanji",
    "order": 0
  },
  {
    "index": 62,
    "name": "heisig6",
    "category": "index",
    "notes": "Remembering The  Kanji, Sixth Ed.",
    "order": 0
  },
  {
    "index": 63,
    "name": "henshall",
    "category": "index",
    "notes": "A Guide To Remembering Japanese Characters",
    "order": 0
  },
  {
    "index": 64,
    "name": "henshall3",
    "category": "index",
    "notes": "A Guide To Reading and Writing Japanese",
    "order": 0
  },
  {
    "index": 65,
    "name": "hob",
    "category": "",
    "notes": "Hokkaido-ben",
    "order": 0
  },
  {
    "index": 66,
    "name": "hon",
    "category": "",
    "notes": "honorific or respectful (sonkeigo) language",
    "order": 0
  },
  {
    "index": 67,
    "name": "hum",
    "category": "",
    "notes": "humble (kenjougo) language",
    "order": 0
  },
  {
    "index": 68,
    "name": "ichi",
    "category": "frequent",
    "notes": "listed as common in Ichimango Goi Bunruishuu",
    "order": -2
  },
  {
    "index": 69,
    "name": "id",
    "category": "expression",
    "notes": "idiomatic expression",
    "order": -5
  },
  {
    "index": 70,
    "name": "ik",
    "category": "",
    "notes": "word containing irregular kana usage",
    "order": 0
  },
  {
    "index": 71,
    "name": "iK",
    "category": "archaism",
    "notes": "word containing irregular kanji usage",
    "order": 0
  },
  {
    "index": 72,
    "name": "int",
    "category": "partOfSpeech",
    "notes": "interjection (kandoushi)",
    "order": -3
  },
  {
    "index": 73,
    "name": "io",
    "category": "",
    "notes": "irregular okurigana usage",
    "order": 0
  },
  {
    "index": 74,
    "name": "iv",
    "category": "",
    "notes": "irregular verb",
    "order": 0
  },
  {
    "index": 75,
    "name": "jf_cards",
    "category": "index",
    "notes": "Japanese Kanji Flashcards",
    "order": 0
  },
  {
    "index": 76,
    "name": "jinmeiyou",
    "category": "frequent",
    "notes": "included in list of characters for use in personal names",
    "order": -5
  },
  {
    "index": 77,
    "name": "jis208",
    "category": "code",
    "notes": "JIS X 0208-1997 kuten code",
    "order": 0
  },
  {
    "index": 78,
    "name": "jis212",
    "category": "code",
    "notes": "JIS X 0212-1990 kuten code",
    "order": 0
  },
  {
    "index": 79,
    "name": "jis213",
    "category": "code",
    "notes": "JIS X 0213-2000 kuten code",
    "order": 0
  },
  {
    "index": 80,
    "name": "jlpt",
    "category": "misc",
    "notes": "JLPT level",
    "order": 0
  },
  {
    "index": 81,
    "name": "joc",
    "category": "",
    "notes": "jocular, humorous term",
    "order": 0
  },
  {
    "index": 82,
    "name": "jouyou",
    "category": "frequent",
    "notes": "included in list of regular-use characters",
    "order": -5
  },
  {
    "index": 83,
    "name": "kanji_in_context",
    "category": "index",
    "notes": "Kanji in Context",
    "order": 0
  },
  {
    "index": 84,
    "name": "kodansha_compact",
    "category": "index",
    "notes": "Kodansha Compact Kanji Guide",
    "order": 0
  },
  {
    "index": 85,
    "name": "ksb",
    "category": "",
    "notes": "Kansai-ben",
    "order": 0
  },
  {
    "index": 86,
    "name": "ktb",
    "category": "",
    "notes": "Kantou-ben",
    "order": 0
  },
  {
    "index": 87,
    "name": "kyb",
    "category": "",
    "notes": "Kyoto-ben",
    "order": 0
  },
  {
    "index": 88,
    "name": "kyu",
    "category": "",
    "notes": "Kyuushuu-ben",
    "order": 0
  },
  {
    "index": 89,
    "name": "law",
    "category": "",
    "notes": "law, etc. term",
    "order": 0
  },
  {
    "index": 90,
    "name": "ling",
    "category": "",
    "notes": "linguistics terminology",
    "order": 0
  },
  {
    "index": 91,
    "name": "m-sl",
    "category": "",
    "notes": "manga slang",
    "order": 0
  },
  {
    "index": 92,
    "name": "MA",
    "category": "",
    "notes": "martial arts term",
    "order": 0
  },
  {
    "index": 93,
    "name": "mahj",
    "category": "",
    "notes": "mahjong term",
    "order": 0
  },
  {
    "index": 94,
    "name": "male",
    "category": "",
    "notes": "male term or language",
    "order": 0
  },
  {
    "index": 95,
    "name": "male-sl",
    "category": "",
    "notes": "male slang",
    "order": 0
  },
  {
    "index": 96,
    "name": "maniette",
    "category": "index",
    "notes": "Les Kanjis dans la tete",
    "order": 0
  },
  {
    "index": 97,
    "name": "masc",
    "category": "name",
    "notes": "male given name or forename",
    "order": 4
  },
  {
    "index": 98,
    "name": "math",
    "category": "",
    "notes": "mathematics",
    "order": 0
  },
  {
    "index": 99,
    "name": "med",
    "category": "",
    "notes": "medicine, etc. term",
    "order": 0
  },
  {
    "index": 100,
    "name": "mil",
    "category": "",
    "notes": "military",
    "order": 0
  },
  {
    "index": 101,
    "name": "misclass",
    "category": "class",
    "notes": "Misclassification",
    "order": 0
  },
  {
    "index": 102,
    "name": "moro",
    "category": "index",
    "notes": "Daikanwajiten",
    "order": 0
  },
  {
    "index": 103,
    "name": "music",
    "category": "",
    "notes": "music term",
    "order": 0
  },
  {
    "index": 104,
    "name": "n",
    "category": "partOfSpeech",
    "notes": "noun (common) (futsuumeishi)",
    "order": -3
  },
  {
    "index": 105,
    "name": "n-adv",
    "category": "partOfSpeech",
    "notes": "adverbial noun (fukushitekimeishi)",
    "order": -3
  },
  {
    "index": 106,
    "name": "n-pr",
    "category": "partOfSpeech",
    "notes": "proper noun",
    "order": -3
  },
  {
    "index": 107,
    "name": "n-pref",
    "category": "partOfSpeech",
    "notes": "noun, used as a prefix",
    "order": -3
  },
  {
    "index": 108,
    "name": "n-suf",
    "category": "partOfSpeech",
    "notes": "noun, used as a suffix",
    "order": -3
  },
  {
    "index": 109,
    "name": "n-t",
    "category": "partOfSpeech",
    "notes": "noun (temporal) (jisoumeishi)",
    "order": -3
  },
  {
    "index": 110,
    "name": "nab",
    "category": "",
    "notes": "Nagano-ben",
    "order": 0
  },
  {
    "index": 111,
    "name": "nelson_c",
    "category": "index",
    "notes": "Modern Reader's Japanese-English Character Dictionary",
    "order": 0
  },
  {
    "index": 112,
    "name": "nelson_n",
    "category": "index",
    "notes": "The New Nelson Japanese-English Character Dictionary",
    "order": 0
  },
  {
    "index": 113,
    "name": "news",
    "category": "frequent",
    "notes": "appears frequently in Mainichi Shimbun",
    "order": -2
  },
  {
    "index": 114,
    "name": "num",
    "category": "partOfSpeech",
    "notes": "numeric",
    "order": -3
  },
  {
    "index": 115,
    "name": "obs",
    "category": "",
    "notes": "obsolete term",
    "order": 0
  },
  {
    "index": 116,
    "name": "obsc",
    "category": "",
    "notes": "obscure term",
    "order": 0
  },
  {
    "index": 117,
    "name": "oik",
    "category": "",
    "notes": "old or irregular kana form",
    "order": 0
  },
  {
    "index": 118,
    "name": "ok",
    "category": "",
    "notes": "out-dated or obsolete kana usage / old or irregular kana form",
    "order": 0
  },
  {
    "index": 119,
    "name": "oK",
    "category": "",
    "notes": "word containing out-dated kanji",
    "order": 0
  },
  {
    "index": 120,
    "name": "on-mim",
    "category": "",
    "notes": "onomatopoeic or mimetic word",
    "order": 0
  },
  {
    "index": 121,
    "name": "oneill_kk",
    "category": "index",
    "notes": "Essential Kanji",
    "order": 0
  },
  {
    "index": 122,
    "name": "oneill_names",
    "category": "index",
    "notes": "Japanese Names",
    "order": 0
  },
  {
    "index": 123,
    "name": "organization",
    "category": "name",
    "notes": "organization name",
    "order": 4
  },
  {
    "index": 124,
    "name": "osb",
    "category": "",
    "notes": "Osaka-ben",
    "order": 0
  },
  {
    "index": 125,
    "name": "P",
    "category": "popular",
    "notes": "popular term",
    "order": -10
  },
  {
    "index": 126,
    "name": "person",
    "category": "name",
    "notes": "full name of a particular person",
    "order": 4
  },
  {
    "index": 127,
    "name": "physics",
    "category": "",
    "notes": "physics terminology",
    "order": 0
  },
  {
    "index": 128,
    "name": "place",
    "category": "name",
    "notes": "place name",
    "order": 4
  },
  {
    "index": 129,
    "name": "pn",
    "category": "partOfSpeech",
    "notes": "pronoun",
    "order": -3
  },
  {
    "index": 130,
    "name": "poet",
    "category": "",
    "notes": "poetical term",
    "order": 0
  },
  {
    "index": 131,
    "name": "pol",
    "category": "",
    "notes": "polite (teineigo) language",
    "order": 0
  },
  {
    "index": 132,
    "name": "pref",
    "category": "partOfSpeech",
    "notes": "prefix",
    "order": -3
  },
  {
    "index": 133,
    "name": "product",
    "category": "name",
    "notes": "product name",
    "order": 4
  },
  {
    "index": 134,
    "name": "proverb",
    "category": "",
    "notes": "proverb",
    "order": 0
  },
  {
    "index": 135,
    "name": "prt",
    "category": "partOfSpeech",
    "notes": "particle",
    "order": -3
  },
  {
    "index": 136,
    "name": "rare",
    "category": "",
    "notes": "rare",
    "order": 0
  },
  {
    "index": 137,
    "name": "rkb",
    "category": "",
    "notes": "Ryuukyuu-ben",
    "order": 0
  },
  {
    "index": 138,
    "name": "sakade",
    "category": "index",
    "notes": "A Guide To Reading and Writing Japanese",
    "order": 0
  },
  {
    "index": 139,
    "name": "sens",
    "category": "",
    "notes": "sensitive",
    "order": 0
  },
  {
    "index": 140,
    "name": "sh_desc",
    "category": "class",
    "notes": "The Kanji Dictionary",
    "order": 0
  },
  {
    "index": 141,
    "name": "sh_kk",
    "category": "index",
    "notes": "Kanji and Kana",
    "order": 0
  },
  {
    "index": 142,
    "name": "sh_kk2",
    "category": "index",
    "notes": "Kanji and Kana",
    "order": 0
  },
  {
    "index": 143,
    "name": "Shinto",
    "category": "",
    "notes": "Shinto term",
    "order": 0
  },
  {
    "index": 144,
    "name": "shogi",
    "category": "",
    "notes": "shogi term",
    "order": 0
  },
  {
    "index": 145,
    "name": "skip",
    "category": "class",
    "notes": "SKIP code",
    "order": 0
  },
  {
    "index": 146,
    "name": "sl",
    "category": "",
    "notes": "slang",
    "order": 0
  },
  {
    "index": 147,
    "name": "spec",
    "category": "frequent",
    "notes": "common words not included in frequency lists",
    "order": -2
  },
  {
    "index": 148,
    "name": "sports",
    "category": "",
    "notes": "sports term",
    "order": 0
  },
  {
    "index": 149,
    "name": "station",
    "category": "name",
    "notes": "railway station",
    "order": 4
  },
  {
    "index": 150,
    "name": "strokes",
    "category": "misc",
    "notes": "Stroke count",
    "order": 0
  },
  {
    "index": 151,
    "name": "suf",
    "category": "partOfSpeech",
    "notes": "suffix",
    "order": -3
  },
  {
    "index": 152,
    "name": "sumo",
    "category": "",
    "notes": "sumo term",
    "order": 0
  },
  {
    "index": 153,
    "name": "surname",
    "category": "name",
    "notes": "family or surname",
    "order": 4
  },
  {
    "index": 154,
    "name": "thb",
    "category": "",
    "notes": "Touhoku-ben",
    "order": 0
  },
  {
    "index": 155,
    "name": "tsb",
    "category": "",
    "notes": "Tosa-ben",
    "order": 0
  },
  {
    "index": 156,
    "name": "tsug",
    "category": "",
    "notes": "Tsugaru-ben",
    "order": 0
  },
  {
    "index": 157,
    "name": "tutt_cards",
    "category": "index",
    "notes": "Tuttle Kanji Cards",
    "order": 0
  },
  {
    "index": 158,
    "name": "ucs",
    "category": "code",
    "notes": "Unicode hex code",
    "order": 0
  },
  {
    "index": 159,
    "name": "uk",
    "category": "",
    "notes": "word usually written using kana alone",
    "order": 0
  },
  {
    "index": 160,
    "name": "uK",
    "category": "",
    "notes": "word usually written using kanji alone",
    "order": 0
  },
  {
    "index": 161,
    "name": "unc",
    "category": "partOfSpeech",
    "notes": "unclassified",
    "order": -3
  },
  {
    "index": 162,
    "name": "unclass",
    "category": "name",
    "notes": "unclassified name",
    "order": 4
  },
  {
    "index": 163,
    "name": "v-unspec",
    "category": "",
    "notes": "verb unspecified",
    "order": 0
  },
  {
    "index": 164,
    "name": "v1",
    "category": "partOfSpeech",
    "notes": "Ichidan verb",
    "order": -3
  },
  {
    "index": 165,
    "name": "v1-s",
    "category": "partOfSpeech",
    "notes": "Ichidan verb - kureru special class",
    "order": -3
  },
  {
    "index": 166,
    "name": "v2a-s",
    "category": "partOfSpeech",
    "notes": "Nidan verb with 'u' ending (archaic)",
    "order": -3
  },
  {
    "index": 167,
    "name": "v2b-k",
    "category": "partOfSpeech",
    "notes": "Nidan verb (upper class) with `bu' ending (archaic)",
    "order": -3
  },
  {
    "index": 168,
    "name": "v2b-s",
    "category": "",
    "notes": "Nidan verb (lower class) with `bu' ending (archaic)",
    "order": 0
  },
  {
    "index": 169,
    "name": "v2d-k",
    "category": "",
    "notes": "Nidan verb (upper class) with `dzu' ending (archaic)",
    "order": 0
  },
  {
    "index": 170,
    "name": "v2d-s",
    "category": "partOfSpeech",
    "notes": "Nidan verb (lower class) with `dzu' ending (archaic)",
    "order": -3
  },
  {
    "index": 171,
    "name": "v2g-k",
    "category": "partOfSpeech",
    "notes": "Nidan verb (upper class) with `gu' ending (archaic)",
    "order": -3
  },
  {
    "index": 172,
    "name": "v2g-s",
    "category": "partOfSpeech",
    "notes": "Nidan verb (lower class) with `gu' ending (archaic)",
    "order": -3
  },
  {
    "index": 173,
    "name": "v2h-k",
    "category": "partOfSpeech",
    "notes": "Nidan verb (upper class) with `hu/fu' ending (archaic)",
    "order": -3
  },
  {
    "index": 174,
    "name": "v2h-s",
    "category": "partOfSpeech",
    "notes": "Nidan verb (lower class) with `hu/fu' ending (archaic)",
    "order": -3
  },
  {
    "index": 175,
    "name": "v2k-k",
    "category": "partOfSpeech",
    "notes": "Nidan verb (upper class) with `ku' ending (archaic)",
    "order": -3
  },
  {
    "index": 176,
    "name": "v2k-s",
    "category": "partOfSpeech",
    "notes": "Nidan verb (lower class) with `ku' ending (archaic)",
    "order": -3
  },
  {
    "index": 177,
    "name": "v2m-k",
    "category": "",
    "notes": "Nidan verb (upper class) with `mu' ending (archaic)",
    "order": 0
  },
  {
    "index": 178,
    "name": "v2m-s",
    "category": "partOfSpeech",
    "notes": "Nidan verb (lower class) with `mu' ending (archaic)",
    "order": -3
  },
  {
    "index": 179,
    "name": "v2n-s",
    "category": "partOfSpeech",
    "notes": "Nidan verb (lower class) with `nu' ending (archaic)",
    "order": -3
  },
  {
    "index": 180,
    "name": "v2r-k",
    "category": "partOfSpeech",
    "notes": "Nidan verb (upper class) with `ru' ending (archaic)",
    "order": -3
  },
  {
    "index": 181,
    "name": "v2r-s",
    "category": "partOfSpeech",
    "notes": "Nidan verb (lower class) with `ru' ending (archaic)",
    "order": -3
  },
  {
    "index": 182,
    "name": "v2s-s",
    "category": "partOfSpeech",
    "notes": "Nidan verb (lower class) with `su' ending (archaic)",
    "order": -3
  },
  {
    "index": 183,
    "name": "v2t-k",
    "category": "partOfSpeech",
    "notes": "Nidan verb (upper class) with `tsu' ending (archaic)",
    "order": -3
  },
  {
    "index": 184,
    "name": "v2t-s",
    "category": "partOfSpeech",
    "notes": "Nidan verb (lower class) with `tsu' ending (archaic)",
    "order": -3
  },
  {
    "index": 185,
    "name": "v2w-s",
    "category": "partOfSpeech",
    "notes": "Nidan verb (lower class) with `u' ending and `we' conjugation (archaic)",
    "order": -3
  },
  {
    "index": 186,
    "name": "v2y-k",
    "category": "partOfSpeech",
    "notes": "Nidan verb (upper class) with `yu' ending (archaic)",
    "order": -3
  },
  {
    "index": 187,
    "name": "v2y-s",
    "category": "partOfSpeech",
    "notes": "Nidan verb (lower class) with `yu' ending (archaic)",
    "order": -3
  },
  {
    "index": 188,
    "name": "v2z-s",
    "category": "partOfSpeech",
    "notes": "Nidan verb (lower class) with `zu' ending (archaic)",
    "order": -3
  },
  {
    "index": 189,
    "name": "v4b",
    "category": "partOfSpeech",
    "notes": "Yodan verb with `bu' ending (archaic)",
    "order": -3
  },
  {
    "index": 190,
    "name": "v4g",
    "category": "",
    "notes": "Yodan verb with `gu' ending (archaic)",
    "order": 0
  },
  {
    "index": 191,
    "name": "v4h",
    "category": "partOfSpeech",
    "notes": "Yodan verb with `hu/fu' ending (archaic)",
    "order": -3
  },
  {
    "index": 192,
    "name": "v4k",
    "category": "partOfSpeech",
    "notes": "Yodan verb with `ku' ending (archaic)",
    "order": -3
  },
  {
    "index": 193,
    "name": "v4m",
    "category": "partOfSpeech",
    "notes": "Yodan verb with `mu' ending (archaic)",
    "order": -3
  },
  {
    "index": 194,
    "name": "v4n",
    "category": "",
    "notes": "Yodan verb with `nu' ending (archaic)",
    "order": 0
  },
  {
    "index": 195,
    "name": "v4r",
    "category": "partOfSpeech",
    "notes": "Yodan verb with `ru' ending (archaic)",
    "order": -3
  },
  {
    "index": 196,
    "name": "v4s",
    "category": "partOfSpeech",
    "notes": "Yodan verb with `su' ending (archaic)",
    "order": -3
  },
  {
    "index": 197,
    "name": "v4t",
    "category": "partOfSpeech",
    "notes": "Yodan verb with `tsu' ending (archaic)",
    "order": -3
  },
  {
    "index": 198,
    "name": "v5",
    "category": "",
    "notes": "",
    "order": 0
  },
  {
    "index": 199,
    "name": "v5aru",
    "category": "partOfSpeech",
    "notes": "Godan verb - -aru special class",
    "order": -3
  },
  {
    "index": 200,
    "name": "v5b",
    "category": "partOfSpeech",
    "notes": "Godan verb with `bu' ending",
    "order": -3
  },
  {
    "index": 201,
    "name": "v5g",
    "category": "partOfSpeech",
    "notes": "Godan verb with `gu' ending",
    "order": -3
  },
  {
    "index": 202,
    "name": "v5k",
    "category": "partOfSpeech",
    "notes": "Godan verb with `ku' ending",
    "order": -3
  },
  {
    "index": 203,
    "name": "v5k-s",
    "category": "partOfSpeech",
    "notes": "Godan verb - Iku/Yuku special class",
    "order": -3
  },
  {
    "index": 204,
    "name": "v5m",
    "category": "partOfSpeech",
    "notes": "Godan verb with `mu' ending",
    "order": -3
  },
  {
    "index": 205,
    "name": "v5n",
    "category": "partOfSpeech",
    "notes": "Godan verb with `nu' ending",
    "order": -3
  },
  {
    "index": 206,
    "name": "v5r",
    "category": "partOfSpeech",
    "notes": "Godan verb with `ru' ending",
    "order": -3
  },
  {
    "index": 207,
    "name": "v5r-i",
    "category": "partOfSpeech",
    "notes": "Godan verb with `ru' ending (irregular verb)",
    "order": -3
  },
  {
    "index": 208,
    "name": "v5s",
    "category": "partOfSpeech",
    "notes": "Godan verb with `su' ending",
    "order": -3
  },
  {
    "index": 209,
    "name": "v5t",
    "category": "partOfSpeech",
    "notes": "Godan verb with `tsu' ending",
    "order": -3
  },
  {
    "index": 210,
    "name": "v5u",
    "category": "partOfSpeech",
    "notes": "Godan verb with `u' ending",
    "order": -3
  },
  {
    "index": 211,
    "name": "v5u-s",
    "category": "partOfSpeech",
    "notes": "Godan verb with `u' ending (special class)",
    "order": -3
  },
  {
    "index": 212,
    "name": "v5uru",
    "category": "",
    "notes": "Godan verb - Uru old class verb (old form of Eru)",
    "order": 0
  },
  {
    "index": 213,
    "name": "vi",
    "category": "partOfSpeech",
    "notes": "intransitive verb",
    "order": -3
  },
  {
    "index": 214,
    "name": "vk",
    "category": "partOfSpeech",
    "notes": "Kuru verb - special class",
    "order": -3
  },
  {
    "index": 215,
    "name": "vn",
    "category": "partOfSpeech",
    "notes": "irregular nu verb",
    "order": -3
  },
  {
    "index": 216,
    "name": "vr",
    "category": "partOfSpeech",
    "notes": "irregular ru verb, plain form ends with -ri",
    "order": -3
  },
  {
    "index": 217,
    "name": "vs",
    "category": "partOfSpeech",
    "notes": "noun or participle which takes the aux. verb suru",
    "order": -3
  },
  {
    "index": 218,
    "name": "vs-c",
    "category": "partOfSpeech",
    "notes": "su verb - precursor to the modern suru",
    "order": -3
  },
  {
    "index": 219,
    "name": "vs-i",
    "category": "partOfSpeech",
    "notes": "suru verb - irregular",
    "order": -3
  },
  {
    "index": 220,
    "name": "vs-s",
    "category": "partOfSpeech",
    "notes": "suru verb - special class",
    "order": -3
  },
  {
    "index": 221,
    "name": "vt",
    "category": "partOfSpeech",
    "notes": "transitive verb",
    "order": -3
  },
  {
    "index": 222,
    "name": "vulg",
    "category": "",
    "notes": "vulgar expression or word",
    "order": 0
  },
  {
    "index": 223,
    "name": "vz",
    "category": "partOfSpeech",
    "notes": "Ichidan verb - zuru verb (alternative form of -jiru verbs)",
    "order": -3
  },
  {
    "index": 224,
    "name": "work",
    "category": "name",
    "notes": "work of art, literature, music, etc. name",
    "order": 4
  },
  {
    "index": 225,
    "name": "X",
    "category": "",
    "notes": "rude or X-rated term (not displayed in educational software)",
    "order": 0
  },
  {
    "index": 226,
    "name": "yoji",
    "category": "",
    "notes": "yojijukugo",
    "order": 0
  },
  {
    "index": 227,
    "name": "zool",
    "category": "",
    "notes": "zoology term",
    "order": 0
  }
]